case,family,verdict,observations,all_delta_components_anchored,closure_sizes,exact_assignments
coordinate-5,saturated-pilot,hiding,5,False,2;2,16807
coordinate-6,saturated-pilot,revealing,5,False,2;2,16807
field-3-000,field-3-threshold-two,hiding,0,True,0;0,27
field-3-001,field-3-threshold-two,hiding,1,False,0;0,27
field-3-002,field-3-threshold-two,hiding,1,False,0;0,27
field-3-003,field-3-threshold-two,hiding,2,False,0;0,27
field-3-004,field-3-threshold-two,hiding,1,True,0;1,27
field-3-005,field-3-threshold-two,hiding,2,True,1;1,27
field-3-006,field-3-threshold-two,hiding,2,False,0;1,27
field-3-007,field-3-threshold-two,hiding,3,False,1;1,27
field-3-008,field-3-threshold-two,hiding,1,True,0;1,27
field-3-009,field-3-threshold-two,hiding,2,False,0;1,27
field-3-010,field-3-threshold-two,hiding,2,True,1;1,27
field-3-011,field-3-threshold-two,hiding,3,False,1;1,27
field-3-012,field-3-threshold-two,hiding,1,True,1;0,27
field-3-013,field-3-threshold-two,hiding,2,True,1;1,27
field-3-014,field-3-threshold-two,hiding,2,False,1;0,27
field-3-015,field-3-threshold-two,hiding,3,False,1;1,27
field-3-016,field-3-threshold-two,hiding,2,True,1;1,27
field-3-017,field-3-threshold-two,hiding,3,True,1;1,27
field-3-018,field-3-threshold-two,hiding,3,False,1;1,27
field-3-019,field-3-threshold-two,hiding,4,False,1;1,27
field-3-020,field-3-threshold-two,hiding,2,True,1;1,27
field-3-021,field-3-threshold-two,revealing,3,True,1;2,27
field-3-022,field-3-threshold-two,revealing,3,True,2;1,27
field-3-023,field-3-threshold-two,revealing,4,True,2;2,27
field-3-024,field-3-threshold-two,hiding,1,True,1;0,27
field-3-025,field-3-threshold-two,hiding,2,False,1;0,27
field-3-026,field-3-threshold-two,hiding,2,True,1;1,27
field-3-027,field-3-threshold-two,hiding,3,False,1;1,27
field-3-028,field-3-threshold-two,hiding,2,True,1;1,27
field-3-029,field-3-threshold-two,revealing,3,True,2;1,27
field-3-030,field-3-threshold-two,revealing,3,True,1;2,27
field-3-031,field-3-threshold-two,revealing,4,True,2;2,27
field-3-032,field-3-threshold-two,hiding,2,True,1;1,27
field-3-033,field-3-threshold-two,hiding,3,False,1;1,27
field-3-034,field-3-threshold-two,hiding,3,True,1;1,27
field-3-035,field-3-threshold-two,hiding,4,False,1;1,27
field-5-000,field-5-threshold-two,hiding,0,True,0;0,125
field-5-001,field-5-threshold-two,hiding,1,False,0;0,0
field-5-002,field-5-threshold-two,hiding,1,False,0;0,0
field-5-003,field-5-threshold-two,hiding,2,False,0;0,0
field-5-004,field-5-threshold-two,hiding,1,False,0;0,0
field-5-005,field-5-threshold-two,hiding,2,False,0;0,0
field-5-006,field-5-threshold-two,hiding,2,False,0;0,0
field-5-007,field-5-threshold-two,hiding,3,False,0;0,0
field-5-008,field-5-threshold-two,hiding,1,False,0;0,0
field-5-009,field-5-threshold-two,hiding,2,False,0;0,0
field-5-010,field-5-threshold-two,hiding,2,False,0;0,0
field-5-011,field-5-threshold-two,hiding,3,False,0;0,0
field-5-012,field-5-threshold-two,hiding,2,False,0;0,0
field-5-013,field-5-threshold-two,hiding,3,False,0;0,0
field-5-014,field-5-threshold-two,hiding,3,False,0;0,0
field-5-015,field-5-threshold-two,hiding,4,False,0;0,0
field-5-016,field-5-threshold-two,hiding,1,True,0;1,0
field-5-017,field-5-threshold-two,hiding,2,True,1;1,125
field-5-018,field-5-threshold-two,hiding,2,False,0;1,0
field-5-019,field-5-threshold-two,hiding,3,False,1;1,0
field-5-020,field-5-threshold-two,hiding,2,False,0;1,0
field-5-021,field-5-threshold-two,hiding,3,False,1;1,0
field-5-022,field-5-threshold-two,hiding,3,False,0;1,0
field-5-023,field-5-threshold-two,hiding,4,False,1;1,0
field-5-024,field-5-threshold-two,hiding,2,False,0;1,0
field-5-025,field-5-threshold-two,hiding,3,False,1;1,0
field-5-026,field-5-threshold-two,hiding,3,False,0;1,0
field-5-027,field-5-threshold-two,hiding,4,False,1;1,0
field-5-028,field-5-threshold-two,hiding,3,False,0;1,0
field-5-029,field-5-threshold-two,hiding,4,False,1;1,0
field-5-030,field-5-threshold-two,hiding,4,False,0;1,0
field-5-031,field-5-threshold-two,hiding,5,False,1;1,0
field-5-032,field-5-threshold-two,hiding,1,True,0;1,0
field-5-033,field-5-threshold-two,hiding,2,False,0;1,0
field-5-034,field-5-threshold-two,hiding,2,True,1;1,125
field-5-035,field-5-threshold-two,hiding,3,False,1;1,0
field-5-036,field-5-threshold-two,hiding,2,False,0;1,0
field-5-037,field-5-threshold-two,hiding,3,False,0;1,0
field-5-038,field-5-threshold-two,hiding,3,False,1;1,0
field-5-039,field-5-threshold-two,hiding,4,False,1;1,0
field-5-040,field-5-threshold-two,hiding,2,False,0;1,0
field-5-041,field-5-threshold-two,hiding,3,False,0;1,0
field-5-042,field-5-threshold-two,hiding,3,False,1;1,0
field-5-043,field-5-threshold-two,hiding,4,False,1;1,0
field-5-044,field-5-threshold-two,hiding,3,False,0;1,0
field-5-045,field-5-threshold-two,hiding,4,False,0;1,0
field-5-046,field-5-threshold-two,hiding,4,False,1;1,0
field-5-047,field-5-threshold-two,hiding,5,False,1;1,0
field-5-048,field-5-threshold-two,hiding,1,True,0;1,0
field-5-049,field-5-threshold-two,hiding,2,False,0;1,0
field-5-050,field-5-threshold-two,hiding,2,False,0;1,0
field-5-051,field-5-threshold-two,hiding,3,False,0;1,125
field-5-052,field-5-threshold-two,hiding,2,True,1;1,0
field-5-053,field-5-threshold-two,hiding,3,False,1;1,0
field-5-054,field-5-threshold-two,hiding,3,False,1;1,0
field-5-055,field-5-threshold-two,hiding,4,False,1;1,0
field-5-056,field-5-threshold-two,hiding,2,False,0;1,0
field-5-057,field-5-threshold-two,hiding,3,False,0;1,0
field-5-058,field-5-threshold-two,hiding,3,False,0;1,0
field-5-059,field-5-threshold-two,hiding,4,False,0;1,0
field-5-060,field-5-threshold-two,hiding,3,False,1;1,0
field-5-061,field-5-threshold-two,hiding,4,False,1;1,0
field-5-062,field-5-threshold-two,hiding,4,False,1;1,0
field-5-063,field-5-threshold-two,hiding,5,False,1;1,0
field-5-064,field-5-threshold-two,hiding,1,True,0;1,0
field-5-065,field-5-threshold-two,hiding,2,False,0;1,0
field-5-066,field-5-threshold-two,hiding,2,False,0;1,0
field-5-067,field-5-threshold-two,hiding,3,False,0;1,0
field-5-068,field-5-threshold-two,hiding,2,False,0;1,125
field-5-069,field-5-threshold-two,hiding,3,False,0;1,0
field-5-070,field-5-threshold-two,hiding,3,False,0;1,0
field-5-071,field-5-threshold-two,hiding,4,False,0;1,0
field-5-072,field-5-threshold-two,hiding,2,True,1;1,0
field-5-073,field-5-threshold-two,hiding,3,False,1;1,0
field-5-074,field-5-threshold-two,hiding,3,False,1;1,0
field-5-075,field-5-threshold-two,hiding,4,False,1;1,0
field-5-076,field-5-threshold-two,hiding,3,False,1;1,0
field-5-077,field-5-threshold-two,hiding,4,False,1;1,0
field-5-078,field-5-threshold-two,hiding,4,False,1;1,0
field-5-079,field-5-threshold-two,hiding,5,False,1;1,0
field-5-080,field-5-threshold-two,hiding,1,True,1;0,0
field-5-081,field-5-threshold-two,hiding,2,True,1;1,0
field-5-082,field-5-threshold-two,hiding,2,False,1;0,0
field-5-083,field-5-threshold-two,hiding,3,False,1;1,0
field-5-084,field-5-threshold-two,hiding,2,False,1;0,0
field-5-085,field-5-threshold-two,hiding,3,False,1;1,125
field-5-086,field-5-threshold-two,hiding,3,False,1;0,0
field-5-087,field-5-threshold-two,hiding,4,False,1;1,0
field-5-088,field-5-threshold-two,hiding,2,False,1;0,0
field-5-089,field-5-threshold-two,hiding,3,False,1;1,0
field-5-090,field-5-threshold-two,hiding,3,False,1;0,0
field-5-091,field-5-threshold-two,hiding,4,False,1;1,0
field-5-092,field-5-threshold-two,hiding,3,False,1;0,0
field-5-093,field-5-threshold-two,hiding,4,False,1;1,0
field-5-094,field-5-threshold-two,hiding,4,False,1;0,0
field-5-095,field-5-threshold-two,hiding,5,False,1;1,0
field-5-096,field-5-threshold-two,hiding,2,True,1;1,0
field-5-097,field-5-threshold-two,hiding,3,True,1;1,0
field-5-098,field-5-threshold-two,hiding,3,False,1;1,0
field-5-099,field-5-threshold-two,hiding,4,False,1;1,0
field-5-100,field-5-threshold-two,hiding,3,False,1;1,0
field-5-101,field-5-threshold-two,hiding,4,False,1;1,0
field-5-102,field-5-threshold-two,hiding,4,False,1;1,125
field-5-103,field-5-threshold-two,hiding,5,False,1;1,0
field-5-104,field-5-threshold-two,hiding,3,False,1;1,0
field-5-105,field-5-threshold-two,hiding,4,False,1;1,0
field-5-106,field-5-threshold-two,hiding,4,False,1;1,0
field-5-107,field-5-threshold-two,hiding,5,False,1;1,0
field-5-108,field-5-threshold-two,hiding,4,False,1;1,0
field-5-109,field-5-threshold-two,hiding,5,False,1;1,0
field-5-110,field-5-threshold-two,hiding,5,False,1;1,0
field-5-111,field-5-threshold-two,hiding,6,False,1;1,0
field-5-112,field-5-threshold-two,hiding,2,True,1;1,0
field-5-113,field-5-threshold-two,revealing,3,True,1;2,0
field-5-114,field-5-threshold-two,revealing,3,True,2;1,0
field-5-115,field-5-threshold-two,revealing,4,True,2;2,0
field-5-116,field-5-threshold-two,revealing,3,False,1;1,0
field-5-117,field-5-threshold-two,revealing,4,False,1;2,0
field-5-118,field-5-threshold-two,revealing,4,False,2;1,0
field-5-119,field-5-threshold-two,revealing,5,False,2;2,125
field-5-120,field-5-threshold-two,revealing,3,False,1;1,0
field-5-121,field-5-threshold-two,revealing,4,False,1;2,0
field-5-122,field-5-threshold-two,revealing,4,False,2;1,0
field-5-123,field-5-threshold-two,revealing,5,False,2;2,0
field-5-124,field-5-threshold-two,revealing,4,False,1;1,0
field-5-125,field-5-threshold-two,revealing,5,False,1;2,0
field-5-126,field-5-threshold-two,revealing,5,False,2;1,0
field-5-127,field-5-threshold-two,revealing,6,False,2;2,0
field-5-128,field-5-threshold-two,hiding,2,True,1;1,0
field-5-129,field-5-threshold-two,revealing,3,True,1;2,0
field-5-130,field-5-threshold-two,revealing,3,False,1;1,0
field-5-131,field-5-threshold-two,revealing,4,False,1;2,0
field-5-132,field-5-threshold-two,revealing,3,True,2;1,0
field-5-133,field-5-threshold-two,revealing,4,True,2;2,0
field-5-134,field-5-threshold-two,revealing,4,False,2;1,0
field-5-135,field-5-threshold-two,revealing,5,False,2;2,0
field-5-136,field-5-threshold-two,revealing,3,False,1;1,125
field-5-137,field-5-threshold-two,revealing,4,False,1;2,0
field-5-138,field-5-threshold-two,revealing,4,False,1;1,0
field-5-139,field-5-threshold-two,revealing,5,False,1;2,0
field-5-140,field-5-threshold-two,revealing,4,False,2;1,0
field-5-141,field-5-threshold-two,revealing,5,False,2;2,0
field-5-142,field-5-threshold-two,revealing,5,False,2;1,0
field-5-143,field-5-threshold-two,revealing,6,False,2;2,0
field-5-144,field-5-threshold-two,hiding,2,True,1;1,0
field-5-145,field-5-threshold-two,revealing,3,True,1;2,0
field-5-146,field-5-threshold-two,revealing,3,False,1;1,0
field-5-147,field-5-threshold-two,revealing,4,False,1;2,0
field-5-148,field-5-threshold-two,revealing,3,False,1;1,0
field-5-149,field-5-threshold-two,revealing,4,False,1;2,0
field-5-150,field-5-threshold-two,revealing,4,False,1;1,0
field-5-151,field-5-threshold-two,revealing,5,False,1;2,0
field-5-152,field-5-threshold-two,revealing,3,True,2;1,0
field-5-153,field-5-threshold-two,revealing,4,True,2;2,125
field-5-154,field-5-threshold-two,revealing,4,False,2;1,0
field-5-155,field-5-threshold-two,revealing,5,False,2;2,0
field-5-156,field-5-threshold-two,revealing,4,False,2;1,0
field-5-157,field-5-threshold-two,revealing,5,False,2;2,0
field-5-158,field-5-threshold-two,revealing,5,False,2;1,0
field-5-159,field-5-threshold-two,revealing,6,False,2;2,0
field-5-160,field-5-threshold-two,hiding,1,True,1;0,0
field-5-161,field-5-threshold-two,hiding,2,False,1;0,0
field-5-162,field-5-threshold-two,hiding,2,True,1;1,0
field-5-163,field-5-threshold-two,hiding,3,False,1;1,0
field-5-164,field-5-threshold-two,hiding,2,False,1;0,0
field-5-165,field-5-threshold-two,hiding,3,False,1;0,0
field-5-166,field-5-threshold-two,hiding,3,False,1;1,0
field-5-167,field-5-threshold-two,hiding,4,False,1;1,0
field-5-168,field-5-threshold-two,hiding,2,False,1;0,0
field-5-169,field-5-threshold-two,hiding,3,False,1;0,0
field-5-170,field-5-threshold-two,hiding,3,False,1;1,125
field-5-171,field-5-threshold-two,hiding,4,False,1;1,0
field-5-172,field-5-threshold-two,hiding,3,False,1;0,0
field-5-173,field-5-threshold-two,hiding,4,False,1;0,0
field-5-174,field-5-threshold-two,hiding,4,False,1;1,0
field-5-175,field-5-threshold-two,hiding,5,False,1;1,0
field-5-176,field-5-threshold-two,hiding,2,True,1;1,0
field-5-177,field-5-threshold-two,revealing,3,True,2;1,0
field-5-178,field-5-threshold-two,revealing,3,True,1;2,0
field-5-179,field-5-threshold-two,revealing,4,True,2;2,0
field-5-180,field-5-threshold-two,revealing,3,False,1;1,0
field-5-181,field-5-threshold-two,revealing,4,False,2;1,0
field-5-182,field-5-threshold-two,revealing,4,False,1;2,0
field-5-183,field-5-threshold-two,revealing,5,False,2;2,0
field-5-184,field-5-threshold-two,revealing,3,False,1;1,0
field-5-185,field-5-threshold-two,revealing,4,False,2;1,0
field-5-186,field-5-threshold-two,revealing,4,False,1;2,0
field-5-187,field-5-threshold-two,revealing,5,False,2;2,125
field-5-188,field-5-threshold-two,revealing,4,False,1;1,0
field-5-189,field-5-threshold-two,revealing,5,False,2;1,0
field-5-190,field-5-threshold-two,revealing,5,False,1;2,0
field-5-191,field-5-threshold-two,revealing,6,False,2;2,0
field-5-192,field-5-threshold-two,hiding,2,True,1;1,0
field-5-193,field-5-threshold-two,hiding,3,False,1;1,0
field-5-194,field-5-threshold-two,hiding,3,True,1;1,0
field-5-195,field-5-threshold-two,hiding,4,False,1;1,0
field-5-196,field-5-threshold-two,hiding,3,False,1;1,0
field-5-197,field-5-threshold-two,hiding,4,False,1;1,0
field-5-198,field-5-threshold-two,hiding,4,False,1;1,0
field-5-199,field-5-threshold-two,hiding,5,False,1;1,0
field-5-200,field-5-threshold-two,hiding,3,False,1;1,0
field-5-201,field-5-threshold-two,hiding,4,False,1;1,0
field-5-202,field-5-threshold-two,hiding,4,False,1;1,0
field-5-203,field-5-threshold-two,hiding,5,False,1;1,0
field-5-204,field-5-threshold-two,hiding,4,False,1;1,125
field-5-205,field-5-threshold-two,hiding,5,False,1;1,0
field-5-206,field-5-threshold-two,hiding,5,False,1;1,0
field-5-207,field-5-threshold-two,hiding,6,False,1;1,0
field-5-208,field-5-threshold-two,hiding,2,True,1;1,0
field-5-209,field-5-threshold-two,revealing,3,False,1;1,0
field-5-210,field-5-threshold-two,revealing,3,True,1;2,0
field-5-211,field-5-threshold-two,revealing,4,False,1;2,0
field-5-212,field-5-threshold-two,revealing,3,True,2;1,0
field-5-213,field-5-threshold-two,revealing,4,False,2;1,0
field-5-214,field-5-threshold-two,revealing,4,True,2;2,0
field-5-215,field-5-threshold-two,revealing,5,False,2;2,0
field-5-216,field-5-threshold-two,revealing,3,False,1;1,0
field-5-217,field-5-threshold-two,revealing,4,False,1;1,0
field-5-218,field-5-threshold-two,revealing,4,False,1;2,0
field-5-219,field-5-threshold-two,revealing,5,False,1;2,0
field-5-220,field-5-threshold-two,revealing,4,False,2;1,0
field-5-221,field-5-threshold-two,revealing,5,False,2;1,125
field-5-222,field-5-threshold-two,revealing,5,False,2;2,0
field-5-223,field-5-threshold-two,revealing,6,False,2;2,0
field-5-224,field-5-threshold-two,hiding,2,True,1;1,0
field-5-225,field-5-threshold-two,revealing,3,False,1;1,0
field-5-226,field-5-threshold-two,revealing,3,True,1;2,0
field-5-227,field-5-threshold-two,revealing,4,False,1;2,0
field-5-228,field-5-threshold-two,revealing,3,False,1;1,0
field-5-229,field-5-threshold-two,revealing,4,False,1;1,0
field-5-230,field-5-threshold-two,revealing,4,False,1;2,0
field-5-231,field-5-threshold-two,revealing,5,False,1;2,0
field-5-232,field-5-threshold-two,revealing,3,True,2;1,0
field-5-233,field-5-threshold-two,revealing,4,False,2;1,0
field-5-234,field-5-threshold-two,revealing,4,True,2;2,0
field-5-235,field-5-threshold-two,revealing,5,False,2;2,0
field-5-236,field-5-threshold-two,revealing,4,False,2;1,0
field-5-237,field-5-threshold-two,revealing,5,False,2;1,0
field-5-238,field-5-threshold-two,revealing,5,False,2;2,125
field-5-239,field-5-threshold-two,revealing,6,False,2;2,0
field-5-240,field-5-threshold-two,hiding,1,True,1;0,0
field-5-241,field-5-threshold-two,hiding,2,False,1;0,0
field-5-242,field-5-threshold-two,hiding,2,False,1;0,0
field-5-243,field-5-threshold-two,hiding,3,False,1;0,0
field-5-244,field-5-threshold-two,hiding,2,True,1;1,0
field-5-245,field-5-threshold-two,hiding,3,False,1;1,0
field-5-246,field-5-threshold-two,hiding,3,False,1;1,0
field-5-247,field-5-threshold-two,hiding,4,False,1;1,0
field-5-248,field-5-threshold-two,hiding,2,False,1;0,0
field-5-249,field-5-threshold-two,hiding,3,False,1;0,0
field-5-250,field-5-threshold-two,hiding,3,False,1;0,0
field-5-251,field-5-threshold-two,hiding,4,False,1;0,0
field-5-252,field-5-threshold-two,hiding,3,False,1;1,0
field-5-253,field-5-threshold-two,hiding,4,False,1;1,0
field-5-254,field-5-threshold-two,hiding,4,False,1;1,0
field-5-255,field-5-threshold-two,hiding,5,False,1;1,125
field-5-256,field-5-threshold-two,hiding,2,True,1;1,0
field-5-257,field-5-threshold-two,revealing,3,True,2;1,0
field-5-258,field-5-threshold-two,revealing,3,False,1;1,0
field-5-259,field-5-threshold-two,revealing,4,False,2;1,0
field-5-260,field-5-threshold-two,revealing,3,True,1;2,0
field-5-261,field-5-threshold-two,revealing,4,True,2;2,0
field-5-262,field-5-threshold-two,revealing,4,False,1;2,0
field-5-263,field-5-threshold-two,revealing,5,False,2;2,0
field-5-264,field-5-threshold-two,revealing,3,False,1;1,0
field-5-265,field-5-threshold-two,revealing,4,False,2;1,0
field-5-266,field-5-threshold-two,revealing,4,False,1;1,0
field-5-267,field-5-threshold-two,revealing,5,False,2;1,0
field-5-268,field-5-threshold-two,revealing,4,False,1;2,0
field-5-269,field-5-threshold-two,revealing,5,False,2;2,0
field-5-270,field-5-threshold-two,revealing,5,False,1;2,0
field-5-271,field-5-threshold-two,revealing,6,False,2;2,0
field-5-272,field-5-threshold-two,hiding,2,True,1;1,125
field-5-273,field-5-threshold-two,revealing,3,False,1;1,0
field-5-274,field-5-threshold-two,revealing,3,True,2;1,0
field-5-275,field-5-threshold-two,revealing,4,False,2;1,0
field-5-276,field-5-threshold-two,revealing,3,True,1;2,0
field-5-277,field-5-threshold-two,revealing,4,False,1;2,0
field-5-278,field-5-threshold-two,revealing,4,True,2;2,0
field-5-279,field-5-threshold-two,revealing,5,False,2;2,0
field-5-280,field-5-threshold-two,revealing,3,False,1;1,0
field-5-281,field-5-threshold-two,revealing,4,False,1;1,0
field-5-282,field-5-threshold-two,revealing,4,False,2;1,0
field-5-283,field-5-threshold-two,revealing,5,False,2;1,0
field-5-284,field-5-threshold-two,revealing,4,False,1;2,0
field-5-285,field-5-threshold-two,revealing,5,False,1;2,0
field-5-286,field-5-threshold-two,revealing,5,False,2;2,0
field-5-287,field-5-threshold-two,revealing,6,False,2;2,0
field-5-288,field-5-threshold-two,hiding,2,True,1;1,0
field-5-289,field-5-threshold-two,hiding,3,False,1;1,125
field-5-290,field-5-threshold-two,hiding,3,False,1;1,0
field-5-291,field-5-threshold-two,hiding,4,False,1;1,0
field-5-292,field-5-threshold-two,hiding,3,True,1;1,0
field-5-293,field-5-threshold-two,hiding,4,False,1;1,0
field-5-294,field-5-threshold-two,hiding,4,False,1;1,0
field-5-295,field-5-threshold-two,hiding,5,False,1;1,0
field-5-296,field-5-threshold-two,hiding,3,False,1;1,0
field-5-297,field-5-threshold-two,hiding,4,False,1;1,0
field-5-298,field-5-threshold-two,hiding,4,False,1;1,0
field-5-299,field-5-threshold-two,hiding,5,False,1;1,0
field-5-300,field-5-threshold-two,hiding,4,False,1;1,0
field-5-301,field-5-threshold-two,hiding,5,False,1;1,0
field-5-302,field-5-threshold-two,hiding,5,False,1;1,0
field-5-303,field-5-threshold-two,hiding,6,False,1;1,0
field-5-304,field-5-threshold-two,hiding,2,True,1;1,0
field-5-305,field-5-threshold-two,revealing,3,False,1;1,0
field-5-306,field-5-threshold-two,revealing,3,False,1;1,125
field-5-307,field-5-threshold-two,revealing,4,False,1;1,0
field-5-308,field-5-threshold-two,revealing,3,True,1;2,0
field-5-309,field-5-threshold-two,revealing,4,False,1;2,0
field-5-310,field-5-threshold-two,revealing,4,False,1;2,0
field-5-311,field-5-threshold-two,revealing,5,False,1;2,0
field-5-312,field-5-threshold-two,revealing,3,True,2;1,0
field-5-313,field-5-threshold-two,revealing,4,False,2;1,0
field-5-314,field-5-threshold-two,revealing,4,False,2;1,0
field-5-315,field-5-threshold-two,revealing,5,False,2;1,0
field-5-316,field-5-threshold-two,revealing,4,True,2;2,0
field-5-317,field-5-threshold-two,revealing,5,False,2;2,0
field-5-318,field-5-threshold-two,revealing,5,False,2;2,0
field-5-319,field-5-threshold-two,revealing,6,False,2;2,0
field-5-320,field-5-threshold-two,hiding,1,True,1;0,0
field-5-321,field-5-threshold-two,hiding,2,False,1;0,0
field-5-322,field-5-threshold-two,hiding,2,False,1;0,0
field-5-323,field-5-threshold-two,hiding,3,False,1;0,125
field-5-324,field-5-threshold-two,hiding,2,False,1;0,0
field-5-325,field-5-threshold-two,hiding,3,False,1;0,0
field-5-326,field-5-threshold-two,hiding,3,False,1;0,0
field-5-327,field-5-threshold-two,hiding,4,False,1;0,0
field-5-328,field-5-threshold-two,hiding,2,True,1;1,0
field-5-329,field-5-threshold-two,hiding,3,False,1;1,0
field-5-330,field-5-threshold-two,hiding,3,False,1;1,0
field-5-331,field-5-threshold-two,hiding,4,False,1;1,0
field-5-332,field-5-threshold-two,hiding,3,False,1;1,0
field-5-333,field-5-threshold-two,hiding,4,False,1;1,0
field-5-334,field-5-threshold-two,hiding,4,False,1;1,0
field-5-335,field-5-threshold-two,hiding,5,False,1;1,0
field-5-336,field-5-threshold-two,hiding,2,True,1;1,0
field-5-337,field-5-threshold-two,revealing,3,True,2;1,0
field-5-338,field-5-threshold-two,revealing,3,False,1;1,0
field-5-339,field-5-threshold-two,revealing,4,False,2;1,0
field-5-340,field-5-threshold-two,revealing,3,False,1;1,125
field-5-341,field-5-threshold-two,revealing,4,False,2;1,0
field-5-342,field-5-threshold-two,revealing,4,False,1;1,0
field-5-343,field-5-threshold-two,revealing,5,False,2;1,0
field-5-344,field-5-threshold-two,revealing,3,True,1;2,0
field-5-345,field-5-threshold-two,revealing,4,True,2;2,0
field-5-346,field-5-threshold-two,revealing,4,False,1;2,0
field-5-347,field-5-threshold-two,revealing,5,False,2;2,0
field-5-348,field-5-threshold-two,revealing,4,False,1;2,0
field-5-349,field-5-threshold-two,revealing,5,False,2;2,0
field-5-350,field-5-threshold-two,revealing,5,False,1;2,0
field-5-351,field-5-threshold-two,revealing,6,False,2;2,0
field-5-352,field-5-threshold-two,hiding,2,True,1;1,0
field-5-353,field-5-threshold-two,revealing,3,False,1;1,0
field-5-354,field-5-threshold-two,revealing,3,True,2;1,0
field-5-355,field-5-threshold-two,revealing,4,False,2;1,0
field-5-356,field-5-threshold-two,revealing,3,False,1;1,0
field-5-357,field-5-threshold-two,revealing,4,False,1;1,125
field-5-358,field-5-threshold-two,revealing,4,False,2;1,0
field-5-359,field-5-threshold-two,revealing,5,False,2;1,0
field-5-360,field-5-threshold-two,revealing,3,True,1;2,0
field-5-361,field-5-threshold-two,revealing,4,False,1;2,0
field-5-362,field-5-threshold-two,revealing,4,True,2;2,0
field-5-363,field-5-threshold-two,revealing,5,False,2;2,0
field-5-364,field-5-threshold-two,revealing,4,False,1;2,0
field-5-365,field-5-threshold-two,revealing,5,False,1;2,0
field-5-366,field-5-threshold-two,revealing,5,False,2;2,0
field-5-367,field-5-threshold-two,revealing,6,False,2;2,0
field-5-368,field-5-threshold-two,hiding,2,True,1;1,0
field-5-369,field-5-threshold-two,revealing,3,False,1;1,0
field-5-370,field-5-threshold-two,revealing,3,False,1;1,0
field-5-371,field-5-threshold-two,revealing,4,False,1;1,0
field-5-372,field-5-threshold-two,revealing,3,True,2;1,0
field-5-373,field-5-threshold-two,revealing,4,False,2;1,0
field-5-374,field-5-threshold-two,revealing,4,False,2;1,125
field-5-375,field-5-threshold-two,revealing,5,False,2;1,0
field-5-376,field-5-threshold-two,revealing,3,True,1;2,0
field-5-377,field-5-threshold-two,revealing,4,False,1;2,0
field-5-378,field-5-threshold-two,revealing,4,False,1;2,0
field-5-379,field-5-threshold-two,revealing,5,False,1;2,0
field-5-380,field-5-threshold-two,revealing,4,True,2;2,0
field-5-381,field-5-threshold-two,revealing,5,False,2;2,0
field-5-382,field-5-threshold-two,revealing,5,False,2;2,0
field-5-383,field-5-threshold-two,revealing,6,False,2;2,0
field-5-384,field-5-threshold-two,hiding,2,True,1;1,0
field-5-385,field-5-threshold-two,hiding,3,False,1;1,0
field-5-386,field-5-threshold-two,hiding,3,False,1;1,0
field-5-387,field-5-threshold-two,hiding,4,False,1;1,0
field-5-388,field-5-threshold-two,hiding,3,False,1;1,0
field-5-389,field-5-threshold-two,hiding,4,False,1;1,0
field-5-390,field-5-threshold-two,hiding,4,False,1;1,0
field-5-391,field-5-threshold-two,hiding,5,False,1;1,125
field-5-392,field-5-threshold-two,hiding,3,True,1;1,0
field-5-393,field-5-threshold-two,hiding,4,False,1;1,0
field-5-394,field-5-threshold-two,hiding,4,False,1;1,0
field-5-395,field-5-threshold-two,hiding,5,False,1;1,0
field-5-396,field-5-threshold-two,hiding,4,False,1;1,0
field-5-397,field-5-threshold-two,hiding,5,False,1;1,0
field-5-398,field-5-threshold-two,hiding,5,False,1;1,0
field-5-399,field-5-threshold-two,hiding,6,False,1;1,0
saturated-000,field-5-saturated,hiding,4,True,2;2,0
saturated-001,field-5-saturated,hiding,5,True,2;2,0
saturated-002,field-5-saturated,hiding,5,True,2;2,0
saturated-003,field-5-saturated,hiding,5,False,2;2,0
saturated-004,field-5-saturated,hiding,5,False,2;2,0
saturated-005,field-5-saturated,hiding,4,True,2;2,0
saturated-006,field-5-saturated,hiding,5,True,2;2,0
saturated-007,field-5-saturated,revealing,5,True,2;3,0
saturated-008,field-5-saturated,revealing,5,True,3;2,0
saturated-009,field-5-saturated,revealing,5,False,2;2,0
saturated-010,field-5-saturated,hiding,4,True,2;2,0
saturated-011,field-5-saturated,hiding,5,True,2;2,0
saturated-012,field-5-saturated,revealing,5,True,2;3,0
saturated-013,field-5-saturated,revealing,5,False,2;2,0
saturated-014,field-5-saturated,revealing,5,True,3;2,0
saturated-015,field-5-saturated,hiding,4,True,2;2,0
saturated-016,field-5-saturated,revealing,5,True,2;3,0
saturated-017,field-5-saturated,hiding,5,True,2;2,0
saturated-018,field-5-saturated,revealing,5,True,3;2,0
saturated-019,field-5-saturated,revealing,5,False,2;2,0
saturated-020,field-5-saturated,hiding,4,True,2;2,0
saturated-021,field-5-saturated,revealing,5,True,2;3,0
saturated-022,field-5-saturated,hiding,5,True,2;2,0
saturated-023,field-5-saturated,revealing,5,False,2;2,0
saturated-024,field-5-saturated,revealing,5,True,3;2,0
saturated-025,field-5-saturated,hiding,4,True,2;2,0
saturated-026,field-5-saturated,revealing,5,True,2;3,0
saturated-027,field-5-saturated,revealing,5,True,2;3,0
saturated-028,field-5-saturated,revealing,5,True,3;2,0
saturated-029,field-5-saturated,revealing,5,True,3;2,0
saturated-030,field-5-saturated,hiding,4,True,2;2,0
saturated-031,field-5-saturated,hiding,5,True,2;2,0
saturated-032,field-5-saturated,revealing,5,True,3;2,0
saturated-033,field-5-saturated,revealing,5,True,2;3,0
saturated-034,field-5-saturated,revealing,5,False,2;2,0
saturated-035,field-5-saturated,hiding,4,True,2;2,0
saturated-036,field-5-saturated,hiding,5,True,2;2,0
saturated-037,field-5-saturated,hiding,5,False,2;2,0
saturated-038,field-5-saturated,hiding,5,True,2;2,0
saturated-039,field-5-saturated,hiding,5,False,2;2,0
saturated-040,field-5-saturated,hiding,4,True,2;2,0
saturated-041,field-5-saturated,hiding,5,True,2;2,0
saturated-042,field-5-saturated,revealing,5,False,2;2,0
saturated-043,field-5-saturated,revealing,5,True,2;3,0
saturated-044,field-5-saturated,revealing,5,True,3;2,0
saturated-045,field-5-saturated,hiding,4,True,2;2,0
saturated-046,field-5-saturated,revealing,5,True,2;3,0
saturated-047,field-5-saturated,revealing,5,True,3;2,0
saturated-048,field-5-saturated,hiding,5,True,2;2,0
saturated-049,field-5-saturated,revealing,5,False,2;2,0
saturated-050,field-5-saturated,hiding,4,True,2;2,0
saturated-051,field-5-saturated,revealing,5,True,2;3,0
saturated-052,field-5-saturated,revealing,5,True,3;2,0
saturated-053,field-5-saturated,revealing,5,True,2;3,0
saturated-054,field-5-saturated,revealing,5,True,3;2,0
saturated-055,field-5-saturated,hiding,4,True,2;2,0
saturated-056,field-5-saturated,revealing,5,True,2;3,0
saturated-057,field-5-saturated,revealing,5,False,2;2,0
saturated-058,field-5-saturated,hiding,5,True,2;2,0
saturated-059,field-5-saturated,revealing,5,True,3;2,0
saturated-060,field-5-saturated,hiding,4,True,2;2,0
saturated-061,field-5-saturated,hiding,5,True,2;2,0
saturated-062,field-5-saturated,revealing,5,True,3;2,0
saturated-063,field-5-saturated,revealing,5,False,2;2,0
saturated-064,field-5-saturated,revealing,5,True,2;3,0
saturated-065,field-5-saturated,hiding,4,True,2;2,0
saturated-066,field-5-saturated,hiding,5,True,2;2,0
saturated-067,field-5-saturated,revealing,5,False,2;2,0
saturated-068,field-5-saturated,revealing,5,True,3;2,0
saturated-069,field-5-saturated,revealing,5,True,2;3,0
saturated-070,field-5-saturated,hiding,4,True,2;2,0
saturated-071,field-5-saturated,hiding,5,True,2;2,0
saturated-072,field-5-saturated,hiding,5,False,2;2,0
saturated-073,field-5-saturated,hiding,5,False,2;2,0
saturated-074,field-5-saturated,hiding,5,True,2;2,0
saturated-075,field-5-saturated,hiding,4,True,2;2,0
saturated-076,field-5-saturated,revealing,5,True,2;3,0
saturated-077,field-5-saturated,revealing,5,True,3;2,0
saturated-078,field-5-saturated,revealing,5,True,3;2,0
saturated-079,field-5-saturated,revealing,5,True,2;3,0
saturated-080,field-5-saturated,hiding,4,True,2;2,0
saturated-081,field-5-saturated,revealing,5,True,2;3,0
saturated-082,field-5-saturated,revealing,5,True,3;2,0
saturated-083,field-5-saturated,revealing,5,False,2;2,0
saturated-084,field-5-saturated,hiding,5,True,2;2,0
saturated-085,field-5-saturated,hiding,4,True,2;2,0
saturated-086,field-5-saturated,revealing,5,True,2;3,0
saturated-087,field-5-saturated,revealing,5,False,2;2,0
saturated-088,field-5-saturated,revealing,5,True,3;2,0
saturated-089,field-5-saturated,hiding,5,True,2;2,0
saturated-090,field-5-saturated,hiding,4,True,2;2,0
saturated-091,field-5-saturated,revealing,5,True,3;2,0
saturated-092,field-5-saturated,hiding,5,True,2;2,0
saturated-093,field-5-saturated,revealing,5,True,2;3,0
saturated-094,field-5-saturated,revealing,5,False,2;2,0
saturated-095,field-5-saturated,hiding,4,True,2;2,0
saturated-096,field-5-saturated,revealing,5,True,3;2,0
saturated-097,field-5-saturated,revealing,5,True,2;3,0
saturated-098,field-5-saturated,hiding,5,True,2;2,0
saturated-099,field-5-saturated,revealing,5,False,2;2,0
saturated-100,field-5-saturated,hiding,4,True,2;2,0
saturated-101,field-5-saturated,revealing,5,True,3;2,0
saturated-102,field-5-saturated,revealing,5,True,2;3,0
saturated-103,field-5-saturated,revealing,5,True,2;3,0
saturated-104,field-5-saturated,revealing,5,True,3;2,0
saturated-105,field-5-saturated,hiding,4,True,2;2,0
saturated-106,field-5-saturated,hiding,5,False,2;2,0
saturated-107,field-5-saturated,hiding,5,True,2;2,0
saturated-108,field-5-saturated,hiding,5,True,2;2,0
saturated-109,field-5-saturated,hiding,5,False,2;2,0
saturated-110,field-5-saturated,hiding,4,True,2;2,0
saturated-111,field-5-saturated,revealing,5,False,2;2,0
saturated-112,field-5-saturated,hiding,5,True,2;2,0
saturated-113,field-5-saturated,revealing,5,True,2;3,0
saturated-114,field-5-saturated,revealing,5,True,3;2,0
saturated-115,field-5-saturated,hiding,4,True,2;2,0
saturated-116,field-5-saturated,revealing,5,False,2;2,0
saturated-117,field-5-saturated,revealing,5,True,2;3,0
saturated-118,field-5-saturated,hiding,5,True,2;2,0
saturated-119,field-5-saturated,revealing,5,True,3;2,0
saturated-120,field-5-saturated,hiding,4,True,2;2,0
saturated-121,field-5-saturated,revealing,5,True,3;2,0
saturated-122,field-5-saturated,hiding,5,True,2;2,0
saturated-123,field-5-saturated,revealing,5,False,2;2,0
saturated-124,field-5-saturated,revealing,5,True,2;3,0
saturated-125,field-5-saturated,hiding,4,True,2;2,0
saturated-126,field-5-saturated,revealing,5,True,3;2,0
saturated-127,field-5-saturated,revealing,5,True,2;3,0
saturated-128,field-5-saturated,revealing,5,True,3;2,0
saturated-129,field-5-saturated,revealing,5,True,2;3,0
saturated-130,field-5-saturated,hiding,4,True,2;2,0
saturated-131,field-5-saturated,revealing,5,True,3;2,0
saturated-132,field-5-saturated,revealing,5,True,2;3,0
saturated-133,field-5-saturated,revealing,5,False,2;2,0
saturated-134,field-5-saturated,hiding,5,True,2;2,0
saturated-135,field-5-saturated,hiding,4,True,2;2,0
saturated-136,field-5-saturated,revealing,5,False,2;2,0
saturated-137,field-5-saturated,hiding,5,True,2;2,0
saturated-138,field-5-saturated,revealing,5,True,3;2,0
saturated-139,field-5-saturated,revealing,5,True,2;3,0
saturated-140,field-5-saturated,hiding,4,True,2;2,0
saturated-141,field-5-saturated,hiding,5,False,2;2,0
saturated-142,field-5-saturated,hiding,5,True,2;2,0
saturated-143,field-5-saturated,hiding,5,False,2;2,0
saturated-144,field-5-saturated,hiding,5,True,2;2,0
saturated-145,field-5-saturated,hiding,4,True,2;2,0
saturated-146,field-5-saturated,revealing,5,False,2;2,0
saturated-147,field-5-saturated,revealing,5,True,2;3,0
saturated-148,field-5-saturated,revealing,5,True,3;2,0
saturated-149,field-5-saturated,hiding,5,True,2;2,0
saturated-150,field-5-saturated,hiding,4,True,2;2,0
saturated-151,field-5-saturated,revealing,5,True,3;2,0
saturated-152,field-5-saturated,revealing,5,True,3;2,0
saturated-153,field-5-saturated,revealing,5,True,2;3,0
saturated-154,field-5-saturated,revealing,5,True,2;3,0
saturated-155,field-5-saturated,hiding,4,True,2;2,0
saturated-156,field-5-saturated,revealing,5,True,3;2,0
saturated-157,field-5-saturated,revealing,5,False,2;2,0
saturated-158,field-5-saturated,hiding,5,True,2;2,0
saturated-159,field-5-saturated,revealing,5,True,2;3,0
saturated-160,field-5-saturated,hiding,4,True,2;2,0
saturated-161,field-5-saturated,revealing,5,True,3;2,0
saturated-162,field-5-saturated,revealing,5,False,2;2,0
saturated-163,field-5-saturated,revealing,5,True,2;3,0
saturated-164,field-5-saturated,hiding,5,True,2;2,0
saturated-165,field-5-saturated,hiding,4,True,2;2,0
saturated-166,field-5-saturated,revealing,5,False,2;2,0
saturated-167,field-5-saturated,revealing,5,True,3;2,0
saturated-168,field-5-saturated,hiding,5,True,2;2,0
saturated-169,field-5-saturated,revealing,5,True,2;3,0
saturated-170,field-5-saturated,hiding,4,True,2;2,0
saturated-171,field-5-saturated,revealing,5,False,2;2,0
saturated-172,field-5-saturated,revealing,5,True,3;2,0
saturated-173,field-5-saturated,revealing,5,True,2;3,0
saturated-174,field-5-saturated,hiding,5,True,2;2,0
saturated-175,field-5-saturated,hiding,4,True,2;2,0
saturated-176,field-5-saturated,hiding,5,False,2;2,0
saturated-177,field-5-saturated,hiding,5,False,2;2,0
saturated-178,field-5-saturated,hiding,5,True,2;2,0
saturated-179,field-5-saturated,hiding,5,True,2;2,0
chain-global,chain,revealing,5,True,1;3;1,0
chain-left,chain,hiding,3,True,1;2,0
chain-right,chain,hiding,3,True,2;1,0
generated-00,generated-general,revealing,11,False,3;3;2,0
generated-01,generated-general,revealing,18,False,3;4;3,0
generated-02,generated-general,hiding,6,False,2;0;0,0
generated-03,generated-general,hiding,3,True,1;1;1,0
generated-04,generated-general,revealing,9,True,2;2;4,0
generated-05,generated-general,hiding,2,False,0;0;1,0
generated-06,generated-general,revealing,9,False,2;2;3,0
generated-07,generated-general,revealing,16,False,4;4;3,0
generated-08,generated-general,revealing,6,False,1;1;3,0
generated-09,generated-general,revealing,8,False,2;2;1,0
generated-10,generated-general,revealing,17,False,3;3;2,0
generated-11,generated-general,hiding,3,False,0;0;1,0
generated-12,generated-general,revealing,12,False,3;2;4,0
generated-13,generated-general,revealing,14,False,3;3;2,0
generated-14,generated-general,hiding,0,True,0;0;0,0
generated-15,generated-general,revealing,18,False,4;4;3,0
generated-16,generated-general,hiding,0,True,0;0;0,0
generated-17,generated-general,hiding,0,True,0;0;0,0
generated-18,generated-general,revealing,14,True,4;4;4,0
generated-19,generated-general,revealing,16,False,2;5;2,0
generated-20,generated-anchored,revealing,20,True,4;3;3;5,0
generated-21,generated-anchored,hiding,6,True,2;0;2;2,0
generated-22,generated-anchored,revealing,20,True,3;4;2;4,0
generated-23,generated-anchored,revealing,6,True,2;0;3;1,0
generated-24,generated-anchored,revealing,20,True,3;3;4;4,0
generated-25,generated-anchored,revealing,12,True,3;1;3;4,0
generated-26,generated-anchored,hiding,2,True,0;0;1;1,0
generated-27,generated-anchored,revealing,10,True,1;1;3;3,0
generated-28,generated-anchored,revealing,14,True,3;3;3;1,0
generated-29,generated-anchored,revealing,14,True,3;3;2;2,0
generated-30,generated-anchored,hiding,4,True,0;1;2;1,0
generated-31,generated-anchored,revealing,18,True,4;4;3;4,0
generated-32,generated-anchored,revealing,12,True,1;2;3;3,0
generated-33,generated-anchored,revealing,6,True,1;3;0;2,0
generated-34,generated-anchored,revealing,22,True,6;3;3;4,0
generated-35,generated-anchored,revealing,22,True,4;4;2;5,0
generated-36,generated-anchored,revealing,18,True,4;2;2;3,0
generated-37,generated-anchored,revealing,22,True,4;3;2;5,0
generated-38,generated-anchored,revealing,14,True,4;2;1;3,0
generated-39,generated-anchored,hiding,2,True,0;1;1;0,0
generated-40,generated-snapshot,revealing,19,True,4;3;3;3;3,0
generated-41,generated-snapshot,hiding,4,True,1;0;1;0;2,0
generated-42,generated-snapshot,hiding,9,True,1;3;1;2;0,0
generated-43,generated-snapshot,hiding,3,True,2;0;1;0;0,0
generated-44,generated-snapshot,revealing,19,True,3;1;4;3;4,0
generated-45,generated-snapshot,revealing,10,True,5;0;2;2;1,0
generated-46,generated-snapshot,revealing,26,True,8;0;3;5;6,0
generated-47,generated-snapshot,hiding,6,True,2;1;0;1;2,0
generated-48,generated-snapshot,hiding,0,True,0;0;0;0;0,0
generated-49,generated-snapshot,revealing,26,True,4;5;4;4;1,0
generated-50,generated-snapshot,hiding,5,True,2;0;1;1;1,0
generated-51,generated-snapshot,hiding,8,True,2;3;1;1;1,0
generated-52,generated-snapshot,revealing,15,True,0;4;2;1;6,0
generated-53,generated-snapshot,hiding,5,True,1;1;1;2;0,0
generated-54,generated-snapshot,hiding,11,True,3;1;3;1;1,0
generated-55,generated-snapshot,revealing,28,True,5;6;4;3;5,0
generated-56,generated-snapshot,hiding,5,True,0;1;1;1;2,0
generated-57,generated-snapshot,hiding,5,True,2;0;0;1;1,0
generated-58,generated-snapshot,revealing,29,True,5;6;5;5;2,0
generated-59,generated-snapshot,hiding,5,True,1;2;1;0;1,0
generated-60,dimension-boundary,hiding,64,False,11;11;0;0;1;1;0;0;1;2;2;1,0
generated-61,dimension-boundary,revealing,64,False,12;12;3;3;1;2;3;0;0;1;0;2,0
generated-62,dimension-boundary,hiding,64,False,11;11;0;2;3;4;0;1;1;1;0;3,0
generated-63,dimension-boundary,revealing,64,False,12;12;1;1;0;3;1;0;0;1;2;1,0
generated-64,dimension-boundary,hiding,64,False,11;11;2;1;0;4;1;1;1;2;2;2,0
generated-65,dimension-boundary,revealing,64,False,12;12;2;2;2;1;2;0;2;0;4;1,0
generated-66,dimension-boundary,hiding,64,False,11;11;1;2;1;2;0;2;1;0;2;0,0
generated-67,dimension-boundary,revealing,64,False,12;12;1;0;1;1;3;0;0;2;3;2,0
generated-68,dimension-boundary,hiding,64,False,11;11;0;0;4;1;3;2;2;0;1;4,0
generated-69,dimension-boundary,revealing,64,False,12;12;1;0;2;1;1;1;1;3;1;0,0
generated-70,dimension-boundary,hiding,64,False,11;11;2;1;0;2;0;3;2;2;1;1,0
generated-71,dimension-boundary,revealing,64,False,12;12;1;1;2;0;1;1;2;2;3;2,0
generated-72,dimension-boundary,hiding,64,False,11;11;1;3;2;3;0;0;0;0;1;2,0
generated-73,dimension-boundary,revealing,64,False,12;12;0;2;1;2;0;3;1;1;0;3,0
generated-74,dimension-boundary,hiding,64,False,11;11;3;2;0;1;2;2;2;1;1;2,0
generated-75,dimension-boundary,revealing,64,False,12;12;0;1;3;1;2;2;0;2;1;0,0
generated-76,dimension-boundary,hiding,64,False,11;11;1;1;1;1;0;3;3;3;0;1,0
generated-77,dimension-boundary,revealing,64,False,12;12;1;0;0;0;0;0;0;1;6;1,0
generated-78,dimension-boundary,hiding,64,False,11;11;0;0;1;0;1;3;1;0;3;1,0
generated-79,dimension-boundary,revealing,64,False,12;12;0;1;0;1;0;1;3;1;2;3,0
lifetime-retained,boundary-fixture,revealing,2,True,2;0,0
lifetime-erased,boundary-fixture,hiding,2,True,1;1,0
recovery-mixed,boundary-fixture,hiding,4,True,2;2,0
recovery-common,boundary-fixture,revealing,5,True,2;3,0
full-state-coordinate-5,boundary-fixture,revealing,6,True,3;3,0
full-state-coordinate-6,boundary-fixture,revealing,6,True,3;3,0
empty-observations,boundary-fixture,hiding,0,True,0,0
repeated-snapshot,boundary-fixture,hiding,4,True,1,0
anchored-delta,boundary-fixture,revealing,5,True,2;3,0
unanchored-delta,boundary-fixture,hiding,5,False,2;2,0
