claim_id,claim,theorem_or_proof,checker_or_argument,input_or_source,experiment,figure_or_table,raw_result,maturity,fresh_recheck
security-game-equivalence,"Universal secrecy, a normalized hiding path on every permitted trace, capacity below threshold, and absence of a reconstructing permitted trace are equivalent in the pinned model",Theorem 2.3; paper Section 2.3,Written linear-path argument; src/pinned_checker.py for fixed traces,Public budget model and retained pinned cases,59 fixed pinned controls plus budget witnesses,Table 1; Table 4,results/pinned/certificates.json; results/pinned/budgets.json,written-proof; finite-checked,Final replay accepted all retained hiding/revealing certificates; general quantifiers remain written proof
trace-alternative,Every fixed pinned trace has exactly one of a normalized hiding path or a linear reconstruction identity,Theorem 3.1; proofs/argument.md Section 2,src/pinned_producer.py; src/pinned_checker.py,cases/pinned.json,59 pinned controls; two exact-distribution pinned traces,Figure 1; Table 4,results/pinned/certificates.json,written-proof; finite-checked,Final replay: 28 hiding and 31 revealing pinned traces; all malformed mutations rejected
rank-form,A fixed trace is hiding exactly when adjoining the secret row increases the observation-plus-pin rank by one,Corollary 3.2,Coefficient-basis argument; checker verifies explicit kernel or row identity,Retained coefficient matrices,Certificate checks on retained traces,Table 4,results/linear/certificates.json; results/pinned/certificates.json,written-proof; finite-checked,Final replay confirms certificate alternatives; rank identity itself is not delegated to a theorem prover
adaptive-leakage,"For a uniform scalar secret, each complete adaptive leaf has a uniform or point posterior; I=p log2(q) and pairwise TV=p",Theorem 3.3; proofs/argument.md Section 2,src/adaptive.py,Specified q=5 two-slot adaptive policy,25 direct assignments,Table 4,results/linear/adaptive.json,written-proof; finite-checked,Exact policy replay passed after removing one unused enumerated variable; statement is limited to scalar linear views
interval-duality,Temporal capacity Gamma equals the minimum bottleneck weight of a consecutive interval partition,Theorem 4.3; proofs/argument.md Section 3,src/budgets.py; src/budget_validation.py,cases/budgets.json,20 mathematical budget cases; 80 exhaustive partition visits,Table 4,results/pinned/budgets.json,written-proof; finite-checked,"Capacity recurrence, dynamic program, and exhaustive small partitions agree; the 64 schedule checks are now counted separately as actual refresh subsets"
budget-frontier,Universal pinned secrecy holds exactly when Gamma<k for 2<=k<=n,Theorem 5.1; proofs/argument.md Section 4,src/budgets.py root_certificate/lower_trace; src/pinned_checker.py,cases/pinned.json; cases/budgets.json,"28 constant lower cases, 24 upper cases, 16 paired variable-budget traces",Figure 2; Table 4,results/pinned/certificates.json; results/pinned/budgets.json,written-proof; finite-checked,Root witnesses and interpolation transports accepted; necessity is for the declared pinned-polynomial class
joint-recovery,Secrecy and cooperative recovery are simultaneously feasible exactly when Gamma<k<=n-u_rec under the stated recovery model,Proposition 2.4; Corollary 5.2; proofs/argument.md Section 4,Lagrange reconstruction and transport witness checks,Retained interpolation witnesses,Algebraic basis and transport checks,none,results/pinned/budgets.json,written-proof; finite-checked interpolation,"No Byzantine withholding, forged-response, or deployment-liveness guarantee"
finite-horizon,"For constant budgets, Gamma=min(Tb,ceil(T/2)b+u,b+2u), with b=0 giving zero",Corollary 5.3; proofs/argument.md Section 4,src/budgets.py; reproduce_pinned.py,"b=2,u=3,T=1..12",12 formula rows,Figure 2,results/pinned/cadence.csv,written-proof; finite-checked,"Final replay reproduced all formula rows; plot is theorem data, not a benchmark"
fixed-pins,"One fixed offline identity set has capacity min(sum b,u+max b)",Proposition 5.4; proofs/argument.md Section 4,src/budgets.py fixed_pin_capacity; src/exhaustive_validation.py independent same-O modular-rank oracle,Fixed-pin and changing-pin controls; three complete small same-O rank families,"6,820 same-expression implementation regressions plus 5,120 concrete same-O rank systems and 253 fixed-pin budgets",Figure 2,results/pinned/certificates.json; results/pinned/exhaustive.json,written-proof; finite-checked; independently rank-checked on bounded domain,"The 6,820 items are formula-implementation consistency only; the separate rank oracle supplies the bounded secrecy comparison"
minimum-cost,"A shortest path returns a minimum-charge universally safe offline schedule; with mandatory set M, certificate cuts Q need only satisfy Q subseteq R and the actual schedule is R=M union Q",Theorem 5.6; Proposition 5.7; proofs/argument.md Section 6,src/budgets.py; src/budget_validation.py; src/exhaustive_validation.py actual-subset oracle; plan_refresh.py,cases/budgets.json schedule_case and mandatory_schedule_case,All 64 subsets of six optional boundaries; 1 mandatory counterexample subset; 505 bounded mandatory/count-cap comparisons,Table 4,results/pinned/budgets.json; results/mandatory-schedule.json; results/clean-reproduction.json,written-proof; finite-checked,"Base example returns total cost 2 and actual refreshes 2,4; F7 mandatory example returns R={1}, Q=empty, total/prepaid/added cost 1/1/0; count caps use |R|"
lipschitz-margin,Gamma is coordinatewise monotone and one-Lipschitz per budget coordinate; an L1 increase within k-1-Gamma preserves secrecy,Proposition 6.1; proofs/argument.md Section 5,Interval-partition proof,Derived from Theorem 4.3,No separate experiment required,none,proofs/argument.md,written-proof,"A deterministic worst-case margin, not a failure probability"
threshold-envelope,"A legal threshold meeting secrecy and cooperative recovery exists iff max(2,Gamma+1)<=n-u_rec; the legal integers run from that lower endpoint through n-u_rec, and otherwise the set is empty",Corollary 6.2; proofs/argument.md Section 5,Integer interval argument; src/budgets.py threshold_envelope bounded regression,Derived from Theorem 5.1 and Proposition 2.4,Four boundary regressions including zero exposure Gamma=0 and an empty legal set,none,proofs/argument.md; results/pinned/exhaustive.json,written-proof,"Zero exposure recommends k_min=2, never k=1; no latency, storage, or Byzantine-recovery optimization claim"
maximum-horizon,"For constant positive b with b+2u>=k, the largest safe horizon is max(floor((k-1)/b),2 max(0,floor((k-1-u)/b)))",Proposition 6.3; proofs/argument.md Section 5,Closed-form inversion,Derived from Corollary 5.3,"220 tuples on exactly b=1..4, u=0..4, k=2..12 with bounded scan T=1..12",Figure 2,results/pinned/cadence.csv,written-proof; finite-checked examples,"The implementation accepts a wider bounded contract, but the retained independent comparison is only the stated 220-tuple domain"
budget-certificates,"Every public-budget instance has a safe partition certificate or an unsafe temporal transport certificate, never both",Proposition 6.4; proofs/argument.md Section 5,src/budgets.py verify_transport plus verify_budget_trace/verify_budget_transport; src/budget_validation.py,cases/budgets.json,"88 certificate checks, 56 transport checks, and 3 budget-binding negative controls",Table 4,results/pinned/budgets.json; results/budget-binding-control.json,written-proof; finite-checked,"All eight original variable-budget pairs satisfy their stored b,u,threshold and coordinate pool; trace-only algebra accepts the controlled over-pin path, while the budget entry rejects it as required"
protocol-cost,"The direct passive realization sends p(p-1) field elements, samples pd field elements, and uses O(p^2 k) direct evaluation work",Paper Section 7.2,Transparent operation count from the stated all-dealers procedure,Protocol pseudocode in paper and proofs/argument.md Section 7,No timing benchmark,Table 3,proofs/argument.md,derived count,No communication-optimality or deployment-performance claim
passive-simulation,"The complete passive atomic-refresh view is perfectly simulatable under private channels, at least one honest online dealer when d>0, and actual erasure",Lemmas 7.1-7.2; Theorem 7.3; proofs/argument.md Section 7,src/pinned.py exact_local_simulation,"q=5,k=3, one pin, one corrupt participant, two honest dealers",125 real and 125 ideal local assignments,Table 3; Table 4,results/pinned/simulation.json,written-proof; finite-checked local example,The finite image is the full one-coordinate field; proper images are covered only by the proof
classical-erasure,A public transcript cannot certify deletion of unrestricted copyable classical state,Proposition 7.4; proofs/argument.md Section 7,Copy-and-run indistinguishability argument,Classical unconstrained-copy model,Not a computational experiment,none,proofs/argument.md,written-proof,Does not exclude quantum certified deletion or trusted hardware
finite-totals,"The retained validation covers 850 concrete traces, 427 hiding and 423 revealing, with 770 rejected false certificates and 41 unit tests",Paper Section 8; artifact README,reproduce.py; reproduce_pinned.py; unittest,Literal cases directory,Final clean sequential replay,Tables 4-5,results/linear/summary.json; results/pinned/summary.json; results/clean-reproduction.json,measured; finite-checked,"Final replay evaluated 44,111 complete field assignments; all documented bounded commands and 41 tests passed"
independent-small-oracle,"A bounded independent oracle checks budget-level revealing existence (not per-trace equivalence), actual-subset scheduling, fixed-pin rank frontiers, formula consistency, and the stated horizon domain",Paper Section 8; the general results remain written proofs,src/exhaustive_validation.py; local modular rank; prefix OR on exact count vectors; local Gamma recurrence; brute-force actual refresh subsets,"Five complete varying-pin families, three complete same-O fixed-pin families, bounded integer grids, and the explicit hiding-under-unsafe-budget regression","2,460 capacity-partition vectors; 25,600 varying-pin systems; 2,565 budget vectors; 2,145 base schedules; 505 mandatory/count schedules; 5,120 fixed-pin systems; 253 fixed-pin budgets; 6,820 formula regressions; 220 horizon inversions",Tables 4-5,results/pinned/exhaustive.json; results/pinned/summary.json,finite-checked; independent implementation path,"18,128 varying-pin systems and 3,486 fixed-pin systems are rank-revealing; prefix-OR existence agrees with the formulas, while C0=C1=O0={1} remains a hiding trace under an unsafe count budget"
source-separation,"A 12+5+5 access-depth-recorded source-calibration matrix separates the pinned-current-share interface from static access-structure, standard renewal, repair, dynamic handoff, and recovery-system interfaces; no global priority claim is made",Paper Section 9; literature-calibration.md,"Source-by-source semantic matrix with recorded access mode, depth, and state-transition fields",12 Journal of Cryptology + 5 influential + 5 adjacent calibration slots (21 unique works),Structured source calibration recorded 2026-09-15; bibliography re-audited 2026-09-16,Table 6,literature-calibration.csv; literature-calibration.md; external_resources.csv,source-calibrated; access-depth-recorded; scope-bounded,Supports interface separation and article calibration; does not establish a global first claim or independent literature review
