name,scholarly_or_official_url,license_or_rights,access_date,resource_type,acquisition_method,access_depth,integration_mode,supported_claim,internals_modified
A Fully-Adaptive Threshold Partially-Oblivious PRF,https://eprint.iacr.org/2025/1433,CC BY according to the ePrint record; not redistributed,2026-09-11,scholarly record,ePrint metadata and abstract,metadata/abstract or selected passages only,Adjacent threshold-function comparison,Fully adaptive proactive threshold functionality; no full proof comparison,no
APSS: Proactive Secret Sharing in Asynchronous Systems,https://doi.org/10.1145/1085126.1085128,Publisher/author publication rights; no source PDF redistributed in the artifact,2026-09-15,scholarly paper,full article PDF,structured full-text read,Literature calibration; related-work/interface comparison where cited,closest asynchronous lineage and therefore also used as one adjacent calibration slot,no
Asynchronous Verifiable Secret Sharing and Proactive Cryptosystems,https://doi.org/10.1145/586110.586124,Publisher/author publication rights; no source PDF redistributed in the artifact,2026-09-15,scholarly paper,full paper PDF,structured full-text read,Literature calibration; related-work/interface comparison where cited,stronger communication/adversary layer; it does not make the pin equation the refresh interface,no
Chorus: Secret Recovery with Ephemeral Client Committees,https://eprint.iacr.org/2026/715,ePrint/IEEE publication rights as recorded by sources; source paper not redistributed,2026-09-15,scholarly paper / official public record,"Official ePrint/IEEE metadata, abstract, DOI, and page record",official metadata and abstract; complete paper text not retrievable; not counted as a full-text calibration slot,Motivating application context and bibliography,"Title, byline, venue/date, DOI/pages, and ephemeral-committee recovery framing; no pinned-scalar equivalence or protocol-level delta inferred",no
Chorus public reproducibility artifact,https://github.com/deevashwer/chorus,Repository license and artifact metadata govern code; code not incorporated or redistributed,2026-09-15,official public software artifact,Public GitHub README and artifact metadata record,artifact documentation and code-index inspection only; not a substitute for the paper; not counted in 12+5+5,Source-depth and application/evaluation cross-check only,"Public artifact identifies a Rust reproducibility package, two-VM evaluation workflow, committee-oriented recovery implementation, and experiment-reproduction scope; no protocol-level pin-equivalence inference",no
CHURP: Dynamic-Committee Proactive Secret Sharing,https://eprint.iacr.org/2019/017,CC BY according to ePrint record; source PDF not redistributed,2026-09-15,scholarly paper,Official ePrint record plus selected accessible paper passages,selected sections; not counted in the 12+5+5 full-text total,Related-work comparison and bibliography,Dynamic committee handoff/proactivization is a representation-changing alternative,no
COBRA: Dynamic Proactive Secret Sharing for Confidential BFT Services,https://doi.org/10.1109/SP46214.2022.9833658,IEEE copyright; source PDF not redistributed,2026-09-15,scholarly paper,Official metadata and selected author-paper passages,selected sections; not counted in the 12+5+5 full-text total,Related-work comparison and bibliography,Recovery/reconfiguration for confidential BFT services uses a different state interface,no
Communication-Optimal Proactive Secret Sharing for Dynamic Groups,https://doi.org/10.1007/978-3-319-28166-7_2,Publisher/author publication rights; no source PDF redistributed in the artifact,2026-09-15,scholarly paper,full author-hosted PDF,structured full-text read,Literature calibration; related-work/interface comparison where cited,shows the principal escape hatch: change the sharing representation/committee instead of maintaining pin equality,no
GoSSamer: Lightweight and Linear-Communication Asynchronous (Dynamic Proactive) Secret Sharing and the Applications,https://tianweiz07.github.io/Papers/26-sp-3.pdf,Author-hosted scholarly PDF; no source PDF redistributed,2026-09-15,scholarly paper,full author-hosted PDF,structured full-text read,Literature calibration; related-work/interface comparison where cited,a recent strongest adjacent handoff design; its migration interface lies outside the pinned theorem,no
Hierarchical Threshold Secret Sharing,https://doi.org/10.1007/s00145-006-0334-8,Publisher/author publication rights; no source PDF redistributed in the artifact,2026-09-15,scholarly paper,publisher/author full PDF,structured full-text read,Literature calibration; related-work/interface comparison where cited,static access-structure work; it neither refreshes shares nor preserves an unavailable scalar across epochs,no
How to Share a Secret,https://doi.org/10.1145/359168.359176,Publisher/author publication rights; no source PDF redistributed in the artifact,2026-09-15,scholarly paper,full paper PDF,full-text read,Literature calibration; related-work/interface comparison where cited,supplies the evaluation representation and interpolation attack used by the pinned model,no
How to Withstand Mobile Virus Attacks,https://doi.org/10.1145/112600.112605,Publisher/author publication rights; no source PDF redistributed in the artifact,2026-09-15,scholarly paper,full extended-abstract PDF,structured full-text read,Literature calibration; related-work/interface comparison where cited,historical source for temporal corruption; the present equality-capacity question is a narrower state-retention variant,no
Ideal Multipartite Secret Sharing Schemes,https://doi.org/10.1007/s00145-011-9101-6,Publisher/author publication rights; no source PDF redistributed in the artifact,2026-09-15,scholarly paper,publisher/author full PDF,structured full-text read,Literature calibration; related-work/interface comparison where cited,offers structural proof style for static access structures; no proactive transition semantics,no
Leakage-Resilient Secret Sharing with Constant Share Size,https://arxiv.org/abs/2105.03074,arXiv distribution rights; not redistributed,2026-09-11,scholarly preprint,Browser PDF; introduction and Sections 2.2-2.3 selected,selected sections only,Linear secret-sharing context and bibliography,Kernel/reconstruction viewpoint and nonlinear-leakage boundary,no
Lightweight Asynchronous Verifiable Secret Sharing with Optimal Resilience,https://doi.org/10.1007/s00145-024-09505-6,Publisher/author publication rights; no source PDF redistributed in the artifact,2026-09-15,scholarly paper,publisher full HTML/PDF,structured full-text read,Literature calibration; related-work/interface comparison where cited,stronger fault/network layer but a different temporal state interface,no
Long Live The Honey Badger: Robust Asynchronous DPSS and its Applications,https://www.usenix.org/conference/usenixsecurity23/presentation/yurek,USENIX publication terms; not redistributed,2026-09-12,scholarly paper,Official USENIX page and accessible paper; selected abstract/introduction,metadata/abstract or selected passages only,Related-work comparison and bibliography,Robust asynchronous dynamic proactive sharing,no
Long Live the Honey Badger: Robust Asynchronous DPSS and Its Applications,https://www.usenix.org/conference/usenixsecurity23/presentation/yurek,USENIX publication terms; no source PDF redistributed,2026-09-15,scholarly paper,full official PDF,structured full-text read,Literature calibration; related-work/interface comparison where cited,not lower-bounded by the pinned frontier because its functionality permits committee handoff,no
Multipartite Secret Sharing by Bivariate Interpolation,https://doi.org/10.1007/s00145-008-9027-9,Publisher/author publication rights; no source PDF redistributed in the artifact,2026-09-15,scholarly paper,publisher/author full PDF,structured full-text read,Literature calibration; related-work/interface comparison where cited,"shares are classified by static participant parts, not by equality paths through refresh time",no
On d-Multiplicative Secret Sharing,https://doi.org/10.1007/s00145-010-9056-z,Publisher/author publication rights; no source PDF redistributed in the artifact,2026-09-15,scholarly paper,publisher/author full PDF,structured full-text read,Literature calibration; related-work/interface comparison where cited,algebraic LSSS work without proactive availability semantics,no
Optimistic Asynchronous Dynamic-Committee Proactive Secret Sharing,https://eprint.iacr.org/2025/880,ePrint/publication rights as recorded by source; not redistributed,2026-09-15,scholarly preprint / IEEE S&P paper,Official ePrint record and abstract,metadata and abstract only,Related-work comparison and bibliography,Optimistic/worst-case asynchronous DPSS communication goals,no
Password-Protected Key Retrieval with(out) HSM Protection,https://doi.org/10.1145/3658644.3690358,ACM copyright; not redistributed,2026-09-12,scholarly paper,ACM metadata and author publication record,metadata/abstract or selected passages only,Recovery-system context and bibliography,Password-protected key retrieval with hardware/no-hardware variants,no
PIVOT: Proactive and Verifiable Threshold Oblivious Pseudorandom Functions From Isogeny Group Actions,https://arxiv.org/abs/2608.01390,arXiv distribution rights; not redistributed,2026-09-11,scholarly preprint,Browser PDF; introduction and selected security/correctness passages,selected sections only,Adjacent threshold-function comparison and bibliography,"Epoch-respecting corruption, verifiability, and richer functionality",no
Proactive Secret Sharing Or: How to Cope With Perpetual Leakage,https://doi.org/10.1007/3-540-44750-4_27,Publisher copyright; not redistributed,2026-09-11,scholarly record,Publisher metadata and abstract,metadata/abstract or selected passages only,Historical attribution and bibliography,Periodic renewal against mobile accumulation,no
Proactive Secret Sharing Or: How to Cope with Perpetual Leakage,https://doi.org/10.1007/3-540-44750-4_27,Publisher/author publication rights; no source PDF redistributed in the artifact,2026-09-15,scholarly paper,full paper PDF,structured full-text read,Literature calibration; related-work/interface comparison where cited,closest classical contrast: standard renewal removes the equality bridge that pinned shares deliberately retain,no
Protecting Distributed Primitives Against Leakage: Equivocal Secret Sharing and More,https://doi.org/10.1007/s00145-024-09524-3,Publisher/author publication rights; no source PDF redistributed in the artifact,2026-09-15,scholarly paper,publisher full HTML,structured full-text read,Literature calibration; related-work/interface comparison where cited,"leakage primitive is bounded functions/portions of state, whereas this article exposes complete field elements tied by temporal equalities",no
Randomness Recoverable Secret Sharing Schemes,https://doi.org/10.1007/s00145-024-09515-4,Publisher/author publication rights; no source PDF redistributed in the artifact,2026-09-15,scholarly paper,journal metadata plus full open conference/author version of the same work,structured full-text read of complete accessible version,Literature calibration; related-work/interface comparison where cited,recovery target is dealer randomness rather than current-share equality across time,no
SafetyPin: Encrypted Backups with Human-Memorable Secrets,https://www.usenix.org/conference/osdi20/presentation/dauterman,USENIX publication terms; no source PDF redistributed,2026-09-15,scholarly paper,full official/author PDF,structured full-text read,Literature calibration; related-work/interface comparison where cited,application context for recovery but not an instance of the algebraic pinned-share functionality,no
Secret-Sharing for NP,https://doi.org/10.1007/s00145-015-9226-0,Publisher/author publication rights; no source PDF redistributed in the artifact,2026-09-15,scholarly paper,publisher/author full PDF,structured full-text read,Literature calibration; related-work/interface comparison where cited,different object and security basis; useful only for theorem exposition and scope discipline,no
Secret-Sharing Schemes for Very Dense Graphs,https://doi.org/10.1007/s00145-014-9195-8,Publisher/author publication rights; no source PDF redistributed in the artifact,2026-09-15,scholarly paper,publisher/author full PDF,structured full-text read,Literature calibration; related-work/interface comparison where cited,"static complexity bounds, not refresh cadence; calibrates how to present matching bounds without overgeneralization",no
Shanrang: Fully Asynchronous Proactive Secret Sharing with Dynamic Committees,https://eprint.iacr.org/2022/164,ePrint/publication rights as recorded by source; not redistributed,2026-09-15,scholarly preprint,Official ePrint record and abstract,metadata and abstract only,Related-work comparison and bibliography,Fully asynchronous dynamic-committee handoff; no protocol equivalence inferred,no
The Price of Active Security in Cryptographic Protocols,https://doi.org/10.1007/s00145-024-09509-2,Publisher/author publication rights; no source PDF redistributed in the artifact,2026-09-15,scholarly paper,publisher full HTML,structured full-text read,Literature calibration; related-work/interface comparison where cited,calibrates strict separation between passive theorem and active-security extensions,no
The Size of a Share Must Be Large,https://doi.org/10.1007/s001459900029,Publisher/author publication rights; no source PDF redistributed in the artifact,2026-09-15,scholarly paper,publisher/author full PDF,structured full-text read,Literature calibration; related-work/interface comparison where cited,not temporal; calibrates sharp lower-bound statements and explicit asymptotic scope,no
Utility Dependence in Correct and Fair Rational Secret Sharing,https://doi.org/10.1007/s00145-010-9064-z,Publisher/author publication rights; no source PDF redistributed in the artifact,2026-09-15,scholarly paper,publisher/author full PDF,structured full-text read,Literature calibration; related-work/interface comparison where cited,calibrates explicit quantifier/utility discipline but studies a different adversarial objective,no
IEEE Symposium on Security and Privacy 2026 accepted papers,https://sp2026.ieee-security.org/accepted-papers.html,Publisher/site terms; not redistributed,2026-09-11,official program,Browser HTML,workflow/source record as stated,Metadata cross-check only,Chorus title and complete published byline,no
Journal of Cryptology author guide,https://link.springer.com/journal/145/submission-guidelines,Publisher website terms; not redistributed,2026-09-16,official policy,Browser HTML,workflow/source record as stated,Workflow verification only; not a manuscript reference,"Single-blind review; English single-PDF submission encouraged; 150-250-word abstract; 5-10 keywords; title page requests author names, affiliations, and corresponding-author email; no located numeric page maximum",no
Publicly Verifiable Deletion: General Compilers from Minimal Assumptions,https://doi.org/10.1007/s00145-026-09581-w,Springer publication rights; not redistributed,2026-09-11,Journal of Cryptology article,"Publisher metadata, abstract, keywords, and reference preview",metadata/abstract or selected passages only,Erasure-boundary comparison and bibliography,Public verification of deletion uses different resources and definitions,no
Springer journal policies,https://link.springer.com/brands/springer/journal-policies,Publisher website terms; not redistributed,2026-09-11,official policy,Browser HTML,workflow/source record as stated,Workflow verification only; not a manuscript reference,Human authorship/accountability and truthful substantive-AI disclosure before external use,no
