slot_id,category,paper,authors,venue_year,source_url,access_mode,pages_or_sections_checked,read_depth,object,adversary_network,state_transition,offline_or_churn_semantics,main_result,relation_to_pinned_scalar,writing_or_proof_calibration,verification_date
JOC-01,same-venue,Hierarchical Threshold Secret Sharing,Tamir Tassa,Journal of Cryptology 20 (2007),https://doi.org/10.1007/s00145-006-0334-8,publisher/author full PDF,"full article: abstract through references, including construction and proofs",structured full-text read,ideal hierarchical threshold secret sharing via Birkhoff interpolation,static information-theoretic access structure; no temporal/network layer,none,none,constructs ideal schemes for hierarchical threshold access structures under stated interpolation conditions,static access-structure work; it neither refreshes shares nor preserves an unavailable scalar across epochs,"lead with exact access structure, isolate interpolation condition, and state ideality boundaries explicitly",2026-09-15
JOC-02,same-venue,Multipartite Secret Sharing by Bivariate Interpolation,Tamir Tassa and Nira Dyn,Journal of Cryptology 22 (2009),https://doi.org/10.1007/s00145-008-9027-9,publisher/author full PDF,"full article including construction, access-structure analysis, and conclusion",structured full-text read,multipartite secret sharing from bivariate interpolation,static perfect-sharing model,none,none,realizes a class of multipartite access structures with interpolation-based schemes,"shares are classified by static participant parts, not by equality paths through refresh time",separate general construction from the exact access structures it realizes,2026-09-15
JOC-03,same-venue,Ideal Multipartite Secret Sharing Schemes,"Oriol Farràs, Jaume Martí-Farré, and Carles Padró",Journal of Cryptology 25 (2012),https://doi.org/10.1007/s00145-011-9101-6,publisher/author full PDF,full article including characterization results and proofs,structured full-text read,ideal multipartite access structures,static information-theoretic access structure,none,none,characterizes and constructs classes of ideal multipartite schemes using polymatroidal structure,offers structural proof style for static access structures; no proactive transition semantics,make characterization scope and converse direction equally visible,2026-09-15
JOC-04,same-venue,Utility Dependence in Correct and Fair Rational Secret Sharing,Gilad Asharov and Yehuda Lindell,Journal of Cryptology 24 (2011),https://doi.org/10.1007/s00145-010-9064-z,publisher/author full PDF,"full article including definitions, protocols, impossibility/possibility results, and discussion",structured full-text read,rational secret sharing with utility-dependent fairness/correctness,game-theoretic participants; protocol-round model,interactive reconstruction rounds,not a mobile-corruption or availability model,shows how feasibility depends on utility assumptions and protocol knowledge,calibrates explicit quantifier/utility discipline but studies a different adversarial objective,state behavioral assumptions before guarantees and distinguish correctness from fairness,2026-09-15
JOC-05,same-venue,Secret-Sharing for NP,"Ilan Komargodski, Moni Naor, and Eylon Yogev",Journal of Cryptology 30 (2017),https://doi.org/10.1007/s00145-015-9226-0,publisher/author full PDF,"full article including definitions, constructions, and security proofs",structured full-text read,computational secret sharing for monotone NP access structures,static computational access structures,none,none,extends secret-sharing realizability beyond efficiently decidable monotone access structures under computational assumptions,different object and security basis; useful only for theorem exposition and scope discipline,front-load formal syntax/security before construction and isolate assumptions supporting generality,2026-09-15
JOC-06,same-venue,Secret-Sharing Schemes for Very Dense Graphs,"Amos Beimel, Oriol Farràs, and Yuval Mintz",Journal of Cryptology 29 (2016),https://doi.org/10.1007/s00145-014-9195-8,publisher/author full PDF,full article including upper/lower bounds and graph families,structured full-text read,share-complexity bounds for graph access structures,static perfect sharing,none,none,gives improved constructions and lower/upper bounds for dense graph access structures,"static complexity bounds, not refresh cadence; calibrates how to present matching bounds without overgeneralization",pair constructions with converse bounds and state the graph family exactly,2026-09-15
JOC-07,same-venue,The Size of a Share Must Be Large,László Csirmaz,Journal of Cryptology 10 (1997),https://doi.org/10.1007/s001459900029,publisher/author full PDF,full article including entropy method and lower-bound construction,structured full-text read,information-theoretic lower bounds on share size,static perfect sharing,none,none,proves access structures for which some shares must be large,not temporal; calibrates sharp lower-bound statements and explicit asymptotic scope,separate universal lower-bound mechanism from the constructed hard family,2026-09-15
JOC-08,same-venue,Randomness Recoverable Secret Sharing Schemes,"Mohammad Hajiabadi, Shahram Khazaei, and Behzad Vahdani",Journal of Cryptology 37 (2024),https://doi.org/10.1007/s00145-024-09515-4,journal metadata plus full open conference/author version of the same work,"full open version including definitions, constructions, proofs, and applications; journal metadata cross-checked",structured full-text read of complete accessible version,secret sharing that can reconstruct sharing randomness under authorized conditions,static secret-sharing model,none,none,formalizes and constructs randomness-recoverable sharing with applications,recovery target is dealer randomness rather than current-share equality across time,define the extra recoverable object separately from secret privacy and correctness,2026-09-15
JOC-09,same-venue,On d-Multiplicative Secret Sharing,"Omer Barkol, Yuval Ishai, and Enav Weinreb",Journal of Cryptology 23 (2010),https://doi.org/10.1007/s00145-010-9056-z,publisher/author full PDF,"full article including definitions, constructions, and multiplicativity proofs",structured full-text read,d-multiplicative linear secret-sharing schemes,static MPC-oriented sharing model,none,none,proves a sharp obstruction: no d-multiplicative scheme exists when d unauthorized sets cover all players; for t-private threshold sharing this yields the n>dt boundary,algebraic LSSS work without proactive availability semantics,state the exact obstruction and threshold parameter boundary rather than a generic multiplicativity claim,2026-09-15
JOC-10,same-venue,Lightweight Asynchronous Verifiable Secret Sharing with Optimal Resilience,Victor Shoup and Nigel P. Smart,Journal of Cryptology 37 (2024),https://doi.org/10.1007/s00145-024-09505-6,publisher full HTML/PDF,"full article including model, protocols, proofs, variants, and comparisons",structured full-text read,lightweight asynchronous VSS with optimal resilience,asynchronous authenticated channels; static Byzantine corruptions in the stated formulations,"sharing/reconstruction instances, not proactive pinned refresh",delayed messages/faults handled; no unchanged offline-current scalar requirement,constructs lightweight AVSS variants attaining optimal resilience under stated setup/assumption choices,stronger fault/network layer but a different temporal state interface,tabulate variants and assumptions; keep efficiency and security claims variant-specific,2026-09-15
JOC-11,same-venue,Protecting Distributed Primitives Against Leakage: Equivocal Secret Sharing and More,"Carmit Hazay, Muthuramakrishnan Venkitasubramaniam, and Mor Weiss",Journal of Cryptology 38 (2025),https://doi.org/10.1007/s00145-024-09524-3,publisher full HTML,"full article including leakage model, equivocal sharing, compilers, and proofs",structured full-text read,equivocal/leakage-resilient secret sharing and compilers for distributed primitives,adaptive probing/leakage of bounded portions of shares; distributed primitive setting,share-then-encode / leakage protection rather than temporal pin equalities,no committee churn or unchanged offline-current scalar,constructs multiparty equivocal sharing and leakage-protection compilers with constant-factor overhead under stated assumptions,"leakage primitive is bounded functions/portions of state, whereas this article exposes complete field elements tied by temporal equalities",define leakage granularity precisely and keep compiler consequences distinct from base primitive,2026-09-15
JOC-12,same-venue,The Price of Active Security in Cryptographic Protocols,"Carmit Hazay, Muthuramakrishnan Venkitasubramaniam, and Mor Weiss",Journal of Cryptology 37 (2024),https://doi.org/10.1007/s00145-024-09509-2,publisher full HTML,"full article including compiler, communication analysis, and proof sequence",structured full-text read,communication cost of compiling passive protocols to active security,multiparty protocol model with active adversaries,generic protocol compilation,not a proactive availability model,gives constant-overhead active-security compilation under the article’s field/party assumptions,calibrates strict separation between passive theorem and active-security extensions,"state baseline model, compiler theorem, and overhead accounting in separate layers",2026-09-15
INF-01,influential,How to Share a Secret,Adi Shamir,"Communications of the ACM 22(11), 1979",https://doi.org/10.1145/359168.359176,full paper PDF,complete two-page article,full-text read,polynomial threshold secret sharing,static honest-dealer threshold model,none,none,gives perfect threshold sharing by polynomial interpolation,supplies the evaluation representation and interpolation attack used by the pinned model,state threshold privacy and reconstruction with minimal algebraic overhead,2026-09-15
INF-02,influential,How to Withstand Mobile Virus Attacks,Rafail Ostrovsky and Moti Yung,PODC 1991,https://doi.org/10.1145/112600.112605,full extended-abstract PDF,"complete paper including model, periodic recovery idea, and discussion",structured full-text read,mobile-adversary proactive security,mobile corruptions over time,periodic refresh/recovery of distributed state,corrupted machines are repaired; no unchanged offline scalar interface,introduces proactive defense against a mobile adversary accumulating compromises over time,historical source for temporal corruption; the present equality-capacity question is a narrower state-retention variant,motivate time as a security dimension before introducing the refresh mechanism,2026-09-15
INF-03,influential,Proactive Secret Sharing Or: How to Cope with Perpetual Leakage,"Amir Herzberg, Stanisław Jarecki, Hugo Krawczyk, and Moti Yung",CRYPTO 1995,https://doi.org/10.1007/3-540-44750-4_27,full paper PDF,"full article including model, refresh protocol, proof, recovery, and discussion",structured full-text read,proactive renewal of threshold shares,mobile adversary bounded per time period; secure channels/erasures in the model,rerandomization so previous-period shares become obsolete,participants update; old share material is erased/invalidated rather than required to remain current,formalizes proactive share renewal to prevent cross-period accumulation,closest classical contrast: standard renewal removes the equality bridge that pinned shares deliberately retain,"make period boundaries, corruption budget, and erasure assumptions part of the theorem statement",2026-09-15
INF-04,influential,Asynchronous Verifiable Secret Sharing and Proactive Cryptosystems,"Christian Cachin, Klaus Kursawe, Anna Lysyanskaya, and Reto Strobl",ACM CCS 2002,https://doi.org/10.1145/586110.586124,full paper PDF,"full article including AVSS, proactive transformation, proofs, and complexity",structured full-text read,asynchronous VSS and proactive cryptosystems,asynchronous Byzantine network with optimal-threshold style constraints,verifiable asynchronous renewal,"availability is handled through asynchronous protocol progress, not unchanged stale scalar equality",builds asynchronous AVSS and uses it for proactive cryptographic services,stronger communication/adversary layer; it does not make the pin equation the refresh interface,"separate primitive, composition, resilience threshold, and communication analysis",2026-09-15
INF-05,influential,APSS: Proactive Secret Sharing in Asynchronous Systems,"Lidong Zhou, Fred B. Schneider, and Robbert van Renesse","ACM TISSEC 8(3), 2005",https://doi.org/10.1145/1085126.1085128,full article PDF,"full article including system model, sharing/recovery protocols, security argument, and evaluation discussion",structured full-text read,asynchronous proactive secret sharing with repair/recovery,asynchronous system with mobile Byzantine adversary,periodic refresh plus recovery of replicas/servers,returning/repaired state is reconstructed or updated; unchanged scalar-currentness is not the abstraction,gives an APSS service that tolerates asynchrony and mobile faults under its resilience assumptions,closest asynchronous lineage and therefore also used as one adjacent calibration slot,connect formal service properties to concrete protocol phases without merging safety and liveness,2026-09-15
ADJ-01,adjacent,APSS: Proactive Secret Sharing in Asynchronous Systems,"Lidong Zhou, Fred B. Schneider, and Robbert van Renesse","ACM TISSEC 8(3), 2005",https://doi.org/10.1145/1085126.1085128,full article PDF (deliberate overlap with INF-05),"full article re-read for state return, recovery, and asynchrony semantics",structured full-text read,asynchronous proactive sharing service,asynchronous mobile Byzantine model,refresh and repair/recovery,offline/faulty server state is repaired; no requirement that its untouched scalar remain immediately current,integrates proactive sharing with asynchronous operation and recovery,closest same-pool alternative; distinguishes catch-up/repair semantics from pin preservation,use explicit service properties to compare interfaces rather than comparing only titles or keywords,2026-09-15
ADJ-02,adjacent,Communication-Optimal Proactive Secret Sharing for Dynamic Groups,"Joshua Baron, Karim El Defrawy, Joshua Lampkins, and Rafail Ostrovsky",ACNS 2015,https://doi.org/10.1007/978-3-319-28166-7_2,full author-hosted PDF,"full article including functionalities, constructions, proofs, and dynamic-group discussion",structured full-text read,proactive secret sharing with changing participant groups,mobile adversary in dynamic groups under the paper’s synchronous/cryptographic assumptions,refresh and redistribution to a possibly changed group/threshold,"membership change is handled by representation transfer, not by preserving an absent holder’s scalar",constructs communication-efficient DPSS and related dynamic proactive MPC,shows the principal escape hatch: change the sharing representation/committee instead of maintaining pin equality,define separate refresh and redistribution functionalities before complexity claims,2026-09-15
ADJ-03,adjacent,Long Live the Honey Badger: Robust Asynchronous DPSS and Its Applications,"Thomas Yurek, Zhuolun Xiang, Yu Xia, and Andrew Miller",USENIX Security 2023,https://www.usenix.org/conference/usenixsecurity23/presentation/yurek,full official PDF,"full paper including functionality, constructions, security proof, implementation, evaluation, and appendix",structured full-text read,robust asynchronous dynamic-committee proactive secret sharing,asynchronous Byzantine faults with dynamic committees,Reshare transfers shares to a possibly different committee,"churn is absorbed through committee replacement/resharing, not unchanged offline-current values",gives high-threshold and bandwidth-efficient asynchronous DPSS variants with implementation results,not lower-bounded by the pinned frontier because its functionality permits committee handoff,"separate ideal functionality, robustness theorem, bandwidth theorem, and implementation evidence",2026-09-15
ADJ-04,adjacent,GoSSamer: Lightweight and Linear-Communication Asynchronous (Dynamic Proactive) Secret Sharing and the Applications,"Xinxin Xing, Yizhong Liu, Boyang Liao, Jianwei Liu, Bin Hu, Xun Lin, Yuan Lu, and Tianwei Zhang",IEEE S&P 2026,https://tianweiz07.github.io/Papers/26-sp-3.pdf,full author-hosted PDF,"full paper including ACSS/ADPSS definitions, constructions, proofs, evaluation, appendices, and meta-review",structured full-text read,lightweight ACSS and asynchronous DPSS with linear amortized communication,asynchronous authenticated channels; dynamic committee with mobile corruption accounting,proactively refreshes and migrates shares from old to reconfigured new committee,dual-committee resharing; no unchanged scalar-currentness requirement for an absent old member,builds lightweight post-quantum ACSS/ADPSS and reports WAN performance improvements under large-batch conditions,a recent strongest adjacent handoff design; its migration interface lies outside the pinned theorem,tie asymptotic claims to batching assumptions and keep protocol proof separate from deployment measurements,2026-09-15
ADJ-05,adjacent,SafetyPin: Encrypted Backups with Human-Memorable Secrets,"Emma Dauterman, Henry Corrigan-Gibbs, and David Mazières",OSDI 2020,https://www.usenix.org/conference/osdi20/presentation/dauterman,full official/author PDF,"full paper including protocol, threat model, implementation, experiments, limitations, and artifact appendix",structured full-text read,PIN-protected encrypted backup recovery over an HSM cluster,adaptive HSM compromise and online guessing/resource constraints,threshold-encryption/recovery and post-recovery protection mechanisms,recovery availability is provided by HSM/service mechanisms rather than current Shamir scalar preservation,designs and evaluates a scalable encrypted-backup recovery system with human-memorable secrets,application context for recovery but not an instance of the algebraic pinned-share functionality,"connect formal attack budget to a concrete system/evaluation, while keeping operational claims evidence-backed",2026-09-15
