case,family,verdict,constraint_and_observation_rows,exact_assignments
pinned-switch,exact-control,revealing,5,3125
pinned-fixed,exact-control,hiding,5,3125
pinned-lower-00,lower-bound,revealing,2,0
pinned-lower-01,lower-bound,revealing,3,0
pinned-lower-02,lower-bound,revealing,2,0
pinned-lower-03,lower-bound,revealing,3,0
pinned-lower-04,lower-bound,revealing,2,0
pinned-lower-05,lower-bound,revealing,3,0
pinned-lower-06,lower-bound,revealing,2,0
pinned-lower-07,lower-bound,revealing,5,0
pinned-lower-08,lower-bound,revealing,4,0
pinned-lower-09,lower-bound,revealing,7,0
pinned-lower-10,lower-bound,revealing,4,0
pinned-lower-11,lower-bound,revealing,7,0
pinned-lower-12,lower-bound,revealing,4,0
pinned-lower-13,lower-bound,revealing,6,0
pinned-lower-14,lower-bound,revealing,9,0
pinned-lower-15,lower-bound,revealing,6,0
pinned-lower-16,lower-bound,revealing,13,0
pinned-lower-17,lower-bound,revealing,6,0
pinned-lower-18,lower-bound,revealing,13,0
pinned-lower-19,lower-bound,revealing,8,0
pinned-lower-20,lower-bound,revealing,15,0
pinned-lower-21,lower-bound,revealing,11,0
pinned-lower-22,lower-bound,revealing,10,0
pinned-lower-23,lower-bound,revealing,19,0
pinned-lower-24,lower-bound,revealing,13,0
pinned-lower-25,lower-bound,revealing,25,0
pinned-lower-26,lower-bound,revealing,15,0
pinned-lower-27,lower-bound,revealing,20,0
pinned-upper-00,strict-upper-bound,hiding,14,0
pinned-upper-01,strict-upper-bound,hiding,18,0
pinned-upper-02,strict-upper-bound,hiding,22,0
pinned-upper-03,strict-upper-bound,hiding,26,0
pinned-upper-04,strict-upper-bound,hiding,30,0
pinned-upper-05,strict-upper-bound,hiding,14,0
pinned-upper-06,strict-upper-bound,hiding,18,0
pinned-upper-07,strict-upper-bound,hiding,22,0
pinned-upper-08,strict-upper-bound,hiding,26,0
pinned-upper-09,strict-upper-bound,hiding,30,0
pinned-upper-10,strict-upper-bound,hiding,14,0
pinned-upper-11,strict-upper-bound,hiding,18,0
pinned-upper-12,strict-upper-bound,hiding,22,0
pinned-upper-13,strict-upper-bound,hiding,26,0
pinned-upper-14,strict-upper-bound,hiding,30,0
pinned-upper-15,strict-upper-bound,hiding,14,0
pinned-upper-16,strict-upper-bound,hiding,18,0
pinned-upper-17,strict-upper-bound,hiding,22,0
pinned-upper-18,strict-upper-bound,hiding,26,0
pinned-upper-19,strict-upper-bound,hiding,30,0
pinned-upper-20,strict-upper-bound,hiding,14,0
pinned-upper-21,strict-upper-bound,hiding,18,0
pinned-upper-22,strict-upper-bound,hiding,22,0
pinned-upper-23,strict-upper-bound,hiding,26,0
pinned-zero-exposure,zero-exposure,hiding,6,0
pinned-max-hidden,maximum-constraint-shape,hiding,328,0
pinned-max-revealed,maximum-constraint-shape,revealing,328,0
pinned-coordinate-5,coordinate-sensitive,hiding,5,0
pinned-coordinate-6,coordinate-sensitive,revealing,5,0
